{
 "attribution": "© OpenStreetMap contributors (ODbL)",
 "footprints": {
  "bldg-axis-towers": {
   "ring": [
    [
     44.7720793,
     41.7093989
    ],
    [
     44.7722499,
     41.7093746
    ],
    [
     44.7722295,
     41.7092843
    ],
    [
     44.7722266,
     41.7092742
    ],
    [
     44.7723367,
     41.7092568
    ],
    [
     44.7723395,
     41.7092669
    ],
    [
     44.7725401,
     41.7092351
    ],
    [
     44.7727576,
     41.7092007
    ],
    [
     44.7727532,
     41.709185
    ],
    [
     44.7729006,
     41.7091617
    ],
    [
     44.7729051,
     41.7091774
    ],
    [
     44.7730395,
     41.7091596
    ],
    [
     44.7731582,
     41.7091546
    ],
    [
     44.7734385,
     41.7091616
    ],
    [
     44.7734372,
     41.7092037
    ],
    [
     44.7734003,
     41.7092077
    ],
    [
     44.7733882,
     41.7093589
    ],
    [
     44.7734318,
     41.7093584
    ],
    [
     44.7734345,
     41.7093849
    ],
    [
     44.7736363,
     41.7093589
    ],
    [
     44.7736377,
     41.7092017
    ],
    [
     44.7736481,
     41.7090042
    ],
    [
     44.7733967,
     41.7089858
    ],
    [
     44.773109,
     41.7089908
    ],
    [
     44.7728547,
     41.7090181
    ],
    [
     44.7723734,
     41.7091023
    ],
    [
     44.7720624,
     41.7091567
    ],
    [
     44.7720055,
     41.7091667
    ],
    [
     44.7720793,
     41.7093989
    ]
   ],
   "osmId": 189803516,
   "height": 24.8
  },
  "bldg-king-david-residences": {
   "ring": [
    [
     44.7912877,
     41.7008704
    ],
    [
     44.7911778,
     41.7007891
    ],
    [
     44.7912201,
     41.7007572
    ],
    [
     44.7911803,
     41.7007277
    ],
    [
     44.7912688,
     41.7006611
    ],
    [
     44.7913037,
     41.7006869
    ],
    [
     44.791334,
     41.700664
    ],
    [
     44.7914489,
     41.700749
    ],
    [
     44.7912877,
     41.7008704
    ]
   ],
   "osmId": 565086180,
   "height": 9.3
  },
  "bldg-downtown-residence": {
   "ring": [
    [
     44.7527853,
     41.7216775
    ],
    [
     44.7528932,
     41.7217799
    ],
    [
     44.7528472,
     41.7218069
    ],
    [
     44.7524096,
     41.7220642
    ],
    [
     44.7523668,
     41.7220895
    ],
    [
     44.7522586,
     41.7219876
    ],
    [
     44.7523014,
     41.7219623
    ],
    [
     44.7523663,
     41.7219238
    ],
    [
     44.7523194,
     41.7218803
    ],
    [
     44.7523763,
     41.721845
    ],
    [
     44.7524256,
     41.7218889
    ],
    [
     44.7527405,
     41.7217038
    ],
    [
     44.7527853,
     41.7216775
    ]
   ],
   "osmId": 34148068,
   "height": 27.900000000000002
  }
 }
}